{
  "collectionName": "components_institute_imcs",
  "info": {
    "displayName": "IMC",
    "description": ""
  },
  "options": {},
  "attributes": {
    "Description": {
      "type": "component",
      "repeatable": false,
      "component": "shared.description"
    },
    "Announcements": {
      "type": "component",
      "repeatable": true,
      "component": "shared.announcements"
    },
    "Data": {
      "displayName": "IMCList",
      "type": "component",
      "repeatable": true,
      "component": "shared.imc-list"
    }
  }
}
