{
  "collectionName": "components_facilities_women_cells",
  "info": {
    "displayName": "WomenCell",
    "description": ""
  },
  "options": {},
  "attributes": {
    "Description": {
      "type": "component",
      "repeatable": false,
      "component": "shared.description"
    },
    "Objectives": {
      "type": "component",
      "repeatable": true,
      "component": "shared.bullet-points"
    },
    "Data": {
      "displayName": "WomenCell",
      "type": "component",
      "repeatable": true,
      "component": "shared.women-cell"
    },
    "contact": {
      "displayName": "contact",
      "type": "component",
      "repeatable": false,
      "component": "shared.contact"
    }
  }
}
