{
  "collectionName": "components_home_homes",
  "info": {
    "displayName": "Home",
    "description": ""
  },
  "options": {},
  "attributes": {
    "iti_name": {
      "type": "string",
      "required": true
    },
    "iti_url": {
      "type": "string"
    },
    "mis_code": {
      "type": "string"
    },
    "phone_number": {
      "type": "string"
    },
    "iti_email": {
      "type": "email"
    },
    "Description": {
      "type": "component",
      "repeatable": false,
      "component": "shared.iti-description"
    },
    "Mission": {
      "type": "component",
      "repeatable": false,
      "component": "shared.mission"
    },
    "Vision": {
      "type": "component",
      "repeatable": false,
      "component": "shared.vision"
    },
    "News": {
      "type": "component",
      "repeatable": true,
      "component": "shared.news"
    },
    "Trades": {
      "type": "component",
      "repeatable": true,
      "component": "shared.trades"
    },
    "Gallery": {
      "type": "component",
      "repeatable": true,
      "component": "shared.gallery"
    },
    "Events": {
      "type": "component",
      "repeatable": false,
      "component": "shared.event"
    },
    "Map": {
      "type": "component",
      "repeatable": false,
      "component": "shared.map"
    },
    "Useful_Links": {
      "type": "component",
      "repeatable": true,
      "component": "shared.useful-links"
    },
    "Address": {
      "type": "component",
      "repeatable": false,
      "component": "shared.address"
    },
    "Images": {
      "type": "media",
      "multiple": true,
      "required": false,
      "allowedTypes": [
        "images",
        "files",
        "videos",
        "audios"
      ]
    }
  }
}
