{
  "collectionName": "components_shared_quotations",
  "info": {
    "displayName": "Quotation",
    "description": ""
  },
  "options": {},
  "attributes": {
    "reference_number": {
      "type": "string"
    },
    "title": {
      "type": "string"
    },
    "department": {
      "type": "string"
    },
    "date": {
      "type": "date"
    },
    "pdf": {
      "type": "media",
      "multiple": false,
      "required": false,
      "allowedTypes": [
        "images",
        "files",
        "videos",
        "audios"
      ]
    }
  }
}
